{
  "best_f1_score": 0.6467858552932739,
  "best_params": {
    "lr": 0.0055892234544969634,
    "batch_size": 8,
    "focal_gamma": 3.3839360923362665,
    "weight_decay": 0.0003800715410379177,
    "label_smoothing": 0.02937809156873913
  },
  "num_trials": 20
}